,ss_openai,ss_hf,ss_google,mmr_openai,mmr_hf,mmr_google
recall,86.07000000000001,53.28000000000001,22.95,59.019999999999996,47.54,22.95
precision,77.05,45.9,19.67,48.36,39.34,18.85
